Protein.Group	Genes	primary_gene	Category	Z:\ms-data\mrc-astral\2026\07_July\20260701\20260701-RN-KB_SHSY_11J_-01.raw	Z:\ms-data\mrc-astral\2026\07_July\20260701\20260701-RN-KB_SHSY_11J_-02.raw	Z:\ms-data\mrc-astral\2026\07_July\20260701\20260701-RN-KB_SHSY_11J_-03.raw	Z:\ms-data\mrc-astral\2026\07_July\20260701\20260701-RN-KB_SHSY_11J_-04.raw	Z:\ms-data\mrc-astral\2026\07_July\20260701\20260701-RN-KB_SHSY_11J_-05.raw	Z:\ms-data\mrc-astral\2026\07_July\20260701\20260701-RN-KB_SHSY_11J_-06.raw	Z:\ms-data\mrc-astral\2026\07_July\20260701\20260701-RN-KB_SHSY_11J_-07.raw	Z:\ms-data\mrc-astral\2026\07_July\20260701\20260701-RN-KB_SHSY_11J_-08.raw	Z:\ms-data\mrc-astral\2026\07_July\20260701\20260701-RN-KB_SHSY_11J_-09.raw	Z:\ms-data\mrc-astral\2026\07_July\20260701\20260701-RN-KB_SHSY_11J_-10.raw	Z:\ms-data\mrc-astral\2026\07_July\20260701\20260701-RN-KB_SHSY_11J_-11.raw	Z:\ms-data\mrc-astral\2026\07_July\20260701\20260701-RN-KB_SHSY_11J_-12.raw	Z:\ms-data\mrc-astral\2026\07_July\20260701\20260701-RN-KB_SHSY_11J_-13.raw	Z:\ms-data\mrc-astral\2026\07_July\20260701\20260701-RN-KB_SHSY_11J_-14.raw	Z:\ms-data\mrc-astral\2026\07_July\20260701\20260701-RN-KB_SHSY_11J_-15.raw	Z:\ms-data\mrc-astral\2026\07_July\20260701\20260701-RN-KB_SHSY_11J_-16.raw	Z:\ms-data\mrc-astral\2026\07_July\20260701\20260701-RN-KB_SHSY_11J_-17.raw	Z:\ms-data\mrc-astral\2026\07_July\20260701\20260701-RN-KB_SHSY_11J_-18.raw	Z:\ms-data\mrc-astral\2026\07_July\20260701\20260701-RN-KB_SHSY_11J_-19.raw	Z:\ms-data\mrc-astral\2026\07_July\20260701\20260701-RN-KB_SHSY_11J_-20.raw	Z:\ms-data\mrc-astral\2026\07_July\20260701\20260701-RN-KB_SHSY_11J_-21.raw	Z:\ms-data\mrc-astral\2026\07_July\20260701\20260701-RN-KB_SHSY_11J_-22.raw	Z:\ms-data\mrc-astral\2026\07_July\20260701\20260701-RN-KB_SHSY_11J_-23.raw	Z:\ms-data\mrc-astral\2026\07_July\20260701\20260701-RN-KB_SHSY_11J_-24.raw
P07237	P4HB	P4HB	None	29.0583	28.9344	28.9787	29.0137	28.9841	28.9787	29.0634	28.9174	28.8564	28.9088	28.9400	28.8142	29.1040	28.9650	29.1913	29.1040	29.0296	29.2490	29.3494	29.1652	29.4512	29.3217	29.2847	29.4938
P07437	TUBB	TUBB	None	32.3879	32.1331	32.3088	32.3828	32.3620	32.3223	32.3436	32.1361	32.0316	32.1960	32.2336	32.0737	31.7888	31.6329	31.7731	31.7965	31.7494	32.1331	32.1177	31.8309	32.0050	32.0512	32.0958	32.2106
P81877;P81877-4;P81877-5	SSBP2	SSBP2	None	22.1976	22.2184	22.4092	22.4576	22.2036	22.2184	22.3619	22.1734	22.1886	22.2707	22.2214	22.1143	21.8191	21.7471	21.7715	21.7995	21.8913	22.3430	22.2155	21.8876	22.2707	21.9495	22.0821	22.0020
Q8NCB2-2	CAMKV	CAMKV	None	21.5261	21.9171	21.6714	21.5961	22.0691	21.8500	21.7265	21.6141	21.4221	21.4476	21.3592	21.5498	21.4170	21.4476	21.7553	21.7182	21.6096	22.0526	21.7995	21.7223	21.9423	22.0691	21.8913	21.7265
Q4W5G0	TIGD2	TIGD2	None	16.8151	17.9641	18.0327		17.6849		17.5507	17.1328	17.7834	17.2893	17.6186	17.9565	18.3676	18.1833	17.8017	18.8201	17.3434	17.6703	18.7390	17.7412	18.0307	18.1882	18.3501	18.3655
Q8NHM5	KDM2B	KDM2B	None	24.5045	24.5638	24.2244	24.0105	24.3975	24.1719	24.3170	24.2750	24.2170	24.1095	24.2021	24.0935	24.4362	24.1719	24.1015	24.6540	24.4862	24.9043	24.4298	24.1642	24.8385	24.3712	24.5696	24.6320
Q8WUZ0-2	BCL7C	BCL7C	None	22.4247	22.2564	22.2390	22.2419	22.2535	22.1519	22.2155	22.1332	21.9742	22.2006	22.1704	22.0625	22.3239	22.1457	22.2792	22.1825	22.1426	22.6029	22.5213	22.0951	22.5309	22.4092	22.3752	22.6364
O43526-4	KCNQ2	KCNQ2	None	15.7930		14.7600	15.4870	15.2881	15.3209		15.0481			15.8931	15.1315												
Q9NZU5	LMCD1	LMCD1	None	22.8557	22.9352	22.8708	23.0122	22.9459	22.8783	22.9812	22.7675	22.7634	23.0983	22.9690	22.9760	21.9742	21.7307	21.9207	21.9352	21.7182	22.1015	22.1269	21.9280	22.1111	22.0625	22.1047	22.1642
P24158	PRTN3	PRTN3	None																	22.7056							
Q96QZ7-2;Q96QZ7-6	MAGI1	MAGI1	None	24.1095	23.9584	23.8858	23.9584	24.0275	24.0020	24.1332	23.9672	23.8385	23.9933	23.9933	24.0526	23.7492	23.5869	23.8670	23.7492	23.5869	23.8576	23.9933	23.6431	24.0691	23.7995	23.8764	23.9672
O75093	SLIT1	SLIT1	None	20.2989		20.2650	20.2535	19.7002					20.0156	20.5545	20.3857	21.0359	20.3101	20.9672	20.3211		19.9882	19.6859		20.7307		20.9459	20.8034
Q9NR46-2	SH3GLB2	SH3GLB2	None	21.0020	20.4273	21.2302	21.5213	21.3045	21.5545	21.6276	20.9530	20.8802	21.5545	21.1015	21.1015	20.9024	21.2477	21.0559	21.4324	20.8423	21.2184	21.3430	21.0156	21.4067	21.3857	21.5498	21.2933
O15344	MID1	MID1	None	21.9530	21.8073	22.0625	21.9742	22.1301	22.2621	22.2332	21.9530	21.9098	22.2096	22.1612	21.9951	20.6800	21.0886	21.0156	21.1457	21.1143	21.2066	21.2477	21.1332	21.4425	21.0886	21.4375	20.9812
Q15181	PPA1	PPA1	None	26.7645	26.6595	26.7260	26.7771	26.7645	26.7260	26.7895	26.6040	26.5492	26.6730	26.6865	26.5580	26.7645	26.6040	26.7517	26.7129	26.6865	26.9977	26.9869	26.6865	27.0711	26.9088	26.8974	26.9869
P31937	HIBADH	HIBADH	None	26.5898	26.4504	26.5754	26.5507	26.5419	26.5404	26.5180	26.3729	26.3014	26.3393	26.3410	26.1946	26.6181	26.5754	26.6998	26.6458	26.5754	26.9316	27.0190	26.8142	27.1015	26.9203	26.9203	27.0505
O00505	KPNA3	KPNA3	None	25.6431	25.5463	25.6320	25.7492	25.7155	25.6811	25.7720	25.6125	25.4457	25.6811	25.5955	25.5463	25.4676	25.2996	25.5433	25.4984	25.3612	25.7338	25.8167	25.5667	25.8093	25.7129	25.7619	25.8215
Q9P1Z3	HCN3	HCN3	None	19.6255	19.3257	19.4414	19.5441	19.3957	19.6188	19.6186	19.3634	19.7071	19.8162	19.8355	19.3685	19.3548	19.0378	19.0792	19.2714	19.0390	18.8317	19.4747	19.7188	19.2768	19.4490	19.3835	19.9316
Q9Y3Y2;Q9Y3Y2-3;Q9Y3Y2-4	CHTOP	CHTOP	None	25.9847	25.8834	25.9383	25.9361	25.9203	25.9020	25.9406	25.7920	25.7050	25.8904	25.8433	25.7415	25.9066	25.9955	26.0317	26.0547	25.8623	26.2891	26.1795	25.9383	26.3778	26.1253	26.1015	26.3031
Q02156	PRKCE	PRKCE	None	23.1840	23.1673	23.2679	23.3511	23.4041	23.3910	23.2961	23.0951	23.2346	23.2096	23.0756	23.0393	23.3645	23.2096	23.4041	23.4041	23.2821	23.5983	23.5285	23.2288	23.6431	23.4923	23.6209	23.5869
Q9BV81	EMC6	EMC6	None	25.5667	25.1946	25.6865	26.0084	25.9450	25.7871	25.6540	25.5135	25.3612	25.3645	25.6012	25.2926	25.4831	25.5725	25.5315	25.4831	25.5926	26.2096	26.4394	26.1253	26.0464	25.9694	26.0833	26.0296
Q2M2I8	AAK1	AAK1	None	23.7286	23.5285	23.7182	23.8093	23.7895	23.8093	23.9043	23.5869	23.4923	23.7389	23.6320	23.5638	23.6431	23.4041	23.7077	23.6209	23.5522	23.8385	24.0190	23.7594	24.1095	23.9760	23.9847	24.0275
Q15651	HMGN3	HMGN3	None	28.0349	27.9146	27.9203	27.9484	27.9316	27.8623	27.8264	27.7895	27.8916	27.9146	27.7581	27.9484	28.4976	28.3951	28.5014	28.3153	28.0660	28.4668	28.5128	28.2216	28.5573	28.3023	28.2399	28.4900
Q8WYA6	CTNNBL1	CTNNBL1	None	25.0190	24.8093	24.8433	24.9495	24.9406	24.9628	24.9716	24.7645	24.6865	24.8811	24.8385	24.7077	25.1214	25.0443	25.2096	25.1908	25.0935	25.3943	25.4105	25.1174	25.5165	25.3273	25.3239	25.4138
Q6ICH7	ASPHD2	ASPHD2	None	20.3645	19.9316	19.9138	20.0559	20.0292	19.6767	19.9009	19.8393	19.7160	19.8020	19.6458		19.7446	19.7828	19.7509	20.1581	19.9882	20.0821	20.1079	19.4201	19.8068	19.9459	19.7480	20.0156
Q9NXR5	ANKRD10	ANKRD10	None	21.4015	20.5823	21.4067	21.7594	21.3910	21.3857		21.7348	22.1015	22.3619	22.3857	21.3376		21.1886	21.1581		21.5869	22.5869	22.4349	22.4425	21.7836	22.6453	21.7223	21.9882
Q9UQR1	ZNF148	ZNF148	None	20.8500	20.7307	20.4972	20.7634	20.6540	20.5451	20.8950	20.7955	20.7553	20.7223	20.5451	20.6186	21.2244	20.9812	21.0426	21.0821	20.7876	20.9171	20.9530	20.8950	21.3101	20.8651	21.1206	21.3645
Q8WVC6	DCAKD	DCAKD	None	25.1055	24.9225	25.0975	25.1371	25.1253	25.1095	25.1449	25.0020	24.8950	25.1055	25.1135	24.9450	25.3066	25.1332	25.3307	25.3239	25.2353	25.5754	25.6757	25.4330	25.6891	25.5609	25.6040	25.6568
Q8N0S6	CENPL	CENPL	None		18.4766					17.2960			18.4685					18.5916					17.3057		18.5777	18.4637	
Q5HYK3	COQ5	COQ5	None	21.6714	21.4923	21.5498	21.5356	21.6141	21.5117	21.7876	21.5404	21.4825	21.5545	21.4726	21.3538	22.0122	21.9951	22.2036	22.1301	22.0918	22.4676	22.4751	22.4576	22.7161	22.5045	22.5380	22.5592
Q01085	TIAL1	TIAL1	None	19.6712		20.0821	20.3101	20.6186	20.4676	20.7715	19.8567	19.6717	19.9601	19.7658	19.5449	20.1704	20.1206	20.1581	19.7018	19.1912	20.5823	21.1269	20.3430	21.2361	20.9951	20.8950	20.8346
P15923-2	TCF3	TCF3	None	24.1946	23.8858	23.7077	24.0190	23.7995	23.9760	24.0020	23.6540	23.6320	24.1095	24.0935	23.7695	23.4425	23.4923	23.6209	23.6320	23.6431	23.9672	23.5754	23.2332	23.7389	23.4170	23.6096	23.7389
Q15198	PDGFRL	PDGFRL	None																13.8457			13.7552				14.5583	
Q8IWQ3	BRSK2	BRSK2	None	23.1991	23.4923	23.1332	23.2521	23.3101	23.2821	23.4676	23.1719	23.1111	23.1840	23.2199	22.9707	22.9207	22.7307	23.1111	22.9024	22.9864	23.1158	23.2535	22.9423	23.1946	23.1961	23.1426	23.3101
Q92615	LARP4B	LARP4B	None	22.8614	22.7223	22.8152	22.9316	22.8519	22.9968	22.9951	22.8191	22.7955	22.9370	22.9134	22.8595	23.1765	22.9584	23.2448	23.2506	23.0122	23.3910	23.4923	23.2679	23.5638	23.3910	23.4551	23.5165
Q8NDI1	EHBP1	EHBP1	None	23.9134	23.8858	23.7895	23.9584	23.9316	23.9043	23.9760	23.7492	23.7286	23.8950	23.8764	23.8191	23.9134	23.6209	23.8480	23.9406	23.8093	23.9406	24.1253	23.8950	24.1795	24.0772	24.1095	24.2679
P52630;P52630-4	STAT2	STAT2	None	23.5045	23.3239	23.4298	23.5165	23.5404	23.4425	23.1472	22.9152	23.0275	23.1976	23.1612	23.0088	23.4425	23.2036	23.5285	23.5165	23.3239	23.6649	23.2679	22.9690	23.3778	23.1550	23.2961	23.3239
Q6PJF5-2	RHBDF2	RHBDF2	None	19.5541	19.1475	19.3333	19.6262	19.2457			19.3918				19.1230	19.7719	19.3750	19.6338	19.5019	19.4533	19.9316	19.5445	19.1940	19.6407	19.6870	19.6252	19.7412
P36383	GJC1	GJC1	None	17.5664	17.4510	17.2729	17.2993	17.2518	17.1601	17.3826	16.7087	17.3256	17.2592	17.7299	17.7461	17.8037	18.0568	18.2791	17.4549	17.1531	18.1439	18.0073	17.9368	18.0527	18.1506	18.2408	18.1614
Q92611	EDEM1	EDEM1	None				16.9210								17.3433			17.4471		16.3303		17.6134		16.5887	18.0996		16.9588
